num__tenure,num__TotalCharges,num__MonthlyCharges,cat__Contract,cat__OnlineSecurity,cat__TechSupport,cat__InternetService,cat__PaymentMethod,cat__OnlineBackup,cat__DeviceProtection,cat__StreamingMovies,cat__StreamingTV,cat__PaperlessBilling,cat__Dependents,cat__Partner,cat_enc__SeniorCitizen,label
0.013888888888888888,0.01038922103903741,0.7149253731343282,0.0,1.0,1.0,2.0,0.0,1.0,1.0,2.0,2.0,1.0,1.0,1.0,0.0,0
0.9583333333333333,0.16135578758021088,0.01691542288557213,2.0,0.0,0.0,0.0,3.0,0.0,0.0,0.0,0.0,0.0,0.0,0.0,0.0,0
0.41666666666666663,0.06649216772653632,0.015422885572139305,1.0,0.0,0.0,0.0,3.0,0.0,0.0,0.0,0.0,0.0,0.0,1.0,0.0,0
0.7777777777777777,0.6623676123817376,0.845273631840796,2.0,1.0,2.0,2.0,2.0,1.0,2.0,2.0,2.0,0.0,0.0,1.0,0.0,0
0.013888888888888888,0.006901164030925517,0.41393034825870645,0.0,1.0,1.0,1.0,0.0,1.0,1.0,1.0,2.0,1.0,0.0,0.0,0.0,1
