{
    "best_params": {
        "model__colsample_bytree": 0.6,
        "model__learning_rate": 0.1,
        "model__max_depth": 3,
        "model__min_child_weight": 5,
        "model__n_estimators": 6,
        "model__subsample": 1.0
    },
    "best_cv_score": 0.8456478405315615,
    "train_metrics": {
        "0": {
            "precision": 0.9228940217391305,
            "recall": 0.6551724137931034,
            "f1-score": 0.7663235086729657,
            "support": 4147
        },
        "1": {
            "precision": 0.4715447154471545,
            "recall": 0.8489687292082502,
            "f1-score": 0.6063197909242101,
            "support": 1503
        },
        "accuracy": 0.7067256637168141,
        "macro avg": {
            "precision": 0.6972193685931425,
            "recall": 0.7520705715006768,
            "f1-score": 0.6863216497985879,
            "support": 5650
        },
        "weighted avg": {
            "precision": 0.8028271177821676,
            "recall": 0.7067256637168141,
            "f1-score": 0.7237596878275888,
            "support": 5650
        }
    },
    "test_metrics": {
        "0": {
            "precision": 0.927321668909825,
            "recall": 0.6644165863066538,
            "f1-score": 0.7741573033707865,
            "support": 1037
        },
        "1": {
            "precision": 0.48059701492537316,
            "recall": 0.8563829787234043,
            "f1-score": 0.6156787762906311,
            "support": 376
        },
        "accuracy": 0.7154989384288747,
        "macro avg": {
            "precision": 0.7039593419175991,
            "recall": 0.760399782515029,
            "f1-score": 0.6949180398307088,
            "support": 1413
        },
        "weighted avg": {
            "precision": 0.8084480171772321,
            "recall": 0.7154989384288747,
            "f1-score": 0.7319860888045173,
            "support": 1413
        }
    },
    "train_auc": 0.8393282561153715,
    "test_auc": 0.841450122078828,
    "train_confusion_matrix": [
        [
            2717,
            1430
        ],
        [
            227,
            1276
        ]
    ],
    "test_confusion_matrix": [
        [
            689,
            348
        ],
        [
            54,
            322
        ]
    ]
}