{
    "best_params": {
        "model__colsample_bytree": 0.6,
        "model__learning_rate": 0.1,
        "model__max_depth": 3,
        "model__min_child_weight": 5,
        "model__n_estimators": 6,
        "model__subsample": 1.0
    },
    "best_cv_score": 0.8469590254706534,
    "train_metrics": {
        "0": {
            "precision": 0.921727395411606,
            "recall": 0.6587894863756932,
            "f1-score": 0.7683870060469695,
            "support": 4147
        },
        "1": {
            "precision": 0.47319434102755026,
            "recall": 0.8456420492348636,
            "f1-score": 0.6068274051086179,
            "support": 1503
        },
        "accuracy": 0.708495575221239,
        "macro avg": {
            "precision": 0.6974608682195781,
            "recall": 0.7522157678052784,
            "f1-score": 0.6876072055777938,
            "support": 5650
        },
        "weighted avg": {
            "precision": 0.8024096643073165,
            "recall": 0.708495575221239,
            "f1-score": 0.7254092927354044,
            "support": 5650
        }
    },
    "test_metrics": {
        "0": {
            "precision": 0.9325236167341431,
            "recall": 0.6663452266152362,
            "f1-score": 0.7772778402699664,
            "support": 1037
        },
        "1": {
            "precision": 0.4851190476190476,
            "recall": 0.8670212765957447,
            "f1-score": 0.6221374045801527,
            "support": 376
        },
        "accuracy": 0.7197452229299363,
        "macro avg": {
            "precision": 0.7088213321765954,
            "recall": 0.7666832516054904,
            "f1-score": 0.6997076224250596,
            "support": 1413
        },
        "weighted avg": {
            "precision": 0.813469039248456,
            "recall": 0.7197452229299363,
            "f1-score": 0.735994893476357,
            "support": 1413
        }
    },
    "train_auc": 0.837961726254107,
    "test_auc": 0.8492685529042451,
    "train_confusion_matrix": [
        [
            2732,
            1415
        ],
        [
            232,
            1271
        ]
    ],
    "test_confusion_matrix": [
        [
            691,
            346
        ],
        [
            50,
            326
        ]
    ]
}