{
    "best_params": {
        "model__colsample_bytree": 0.6,
        "model__learning_rate": 0.1,
        "model__max_depth": 3,
        "model__min_child_weight": 1,
        "model__n_estimators": 6,
        "model__subsample": 0.8
    },
    "best_cv_score": 0.8443211517165006,
    "test_metrics": {
        "0": {
            "precision": 0.9256198347107438,
            "recall": 0.648023143683703,
            "f1-score": 0.7623369256948382,
            "support": 1037
        },
        "1": {
            "precision": 0.46870451237263466,
            "recall": 0.8563829787234043,
            "f1-score": 0.6058325493885232,
            "support": 376
        },
        "accuracy": 0.7034677990092003,
        "macro avg": {
            "precision": 0.6971621735416893,
            "recall": 0.7522030612035536,
            "f1-score": 0.6840847375416808,
            "support": 1413
        },
        "weighted avg": {
            "precision": 0.8040344410807869,
            "recall": 0.7034677990092003,
            "f1-score": 0.7206910336274819,
            "support": 1413
        }
    },
    "test_roc_auc": 0.8266544758817375,
    "confusion_matrix": [
        [
            672,
            365
        ],
        [
            54,
            322
        ]
    ]
}